User ID,FirstName,LastName,Country,Birth Year,Email
1,Olivia,Carter,United States,1992,oliva.carter@example.com
2,Liam,Rodriguez,United Kingdom,1984,rodriguez.l@example.com
3,Emma,Bennett,United Kingdom,2001,emma.ben@example.com
4,Mason,Scott,South Korea,1996,masonscott519@example.com
5,Ava,Morgan,North Korea,1989,amorgan@example.com
6,Elijah,Hayes,North Korea,1975,eli.hayes31@example.com
7,Sophia,Barnes,China,1983,sophiabarnes@example.com
8,Logan,Lee,India,2000,l.lee987@example.com
9,Isabella,Powell,India,1994,bella.powell@example.com
10,Lucas,Wright,India,1987,lwright12@example.com
11,Mia,Green,India,2002,mia_green@example.com
12,James,Cooper,India,1991,j_coop14@example.com
13,Amelia,Adams,China,1998,amelia_adams@example.com
14,Benjamin,Jenkins,China,1985,ben.j@example.com
15,Harper,Turner,China,1999,harper_turner12@example.com
16,Henry,Brooks,United States,2003,henry42@example.com
17,Evelyn,Simmons,United States,1990,evelyn.s@example.com
18,Alexander,Rivera,United States,1995,arivera10@example.com
19,Ella,Gray,United States,1982,gray.ella@example.com
20,Daniel,Phillips,United States,2004,daniel_phillips@example.com
21,Lily,Torres,United States,1993,ltorres54@example.com
22,Jackson,Wood,Netherlands,1986,jackson.w@example.com
23,Grace,Foster,Netherlands,1997,foster.grace@example.com
24,Sebastian,Ramirez,Netherlands,1988,sebastian38@example.com
25,Aria,Bailey,Italy,2005,chloe_bell@example.com
26,Matthew,Mitchell,Italy,1978,matthew_mitchell@example.com
27,Chloe,Bell,Italy,2006,aria_bailey@example.com
28,Aiden,Howard,Germany,1981,howard.aiden@example.com
29,Scarlett,Ward,Germany,1990,scarlett_ward@example.com
30,Samuel,Jenkins,Germany,1980,jenkins.samuel@example.com
31,Zoe,Morales,Germany,1996,zoe_morales@example.com
32,David,Bryant,Germany,1983,david92@example.com
33,Layla,Peterson,Mexico,2001,layla49@example.com
34,Joseph,Boyd,Mexico,1992,joseph_boyd@example.com
35,Hannah,Ross,Mexico,1985,hannah_ross@example.com
36,Carter,Long,Singapore,1998,long.carter@example.com
37,Nora,Hughes,Singapore,1991,nora.h@example.com
38,Wyatt,Price,Singapore,1993,wyatt34@example.com
39,Victoria,Fisher,Switzerland,1986,victoria.f@example.com
40,Gabriel,Webb,Switzerland,1994,webb.gabriel@example.com
41,Riley,Daniels,Switzerland,2002,daniels.riley@example.com
42,Owen,Coleman,South Korea,1990,owen.c@example.com
43,Audrey,Freeman,South Korea,1987,audrey_freeman@example.com
44,Jack,Gibson,South Korea,1999,jack98@example.com
45,Ellie,Stone,Japan,1984,estone84@example.com
46,Luke,Warren,Japan,1996,luke24@example.com
47,Mila,Hudson,Japan,1990,mhudson75@example.com
48,Levi,Nichols,United States,1989,levi78@example.com
49,Lucy,Payne,United States,2003,payne.lucy@example.com
50,Isaac,Walters,United States,1997,isaac27@example.com